fips,county
01000,alabama
01001,autauga_county
01003,baldwin_county
01005,barbour_county
01007,bibb_county
01009,blount_county
01011,bullock_county
01013,butler_county
01015,calhoun_county
01017,chambers_county
01019,cherokee_county
01021,chilton_county
01023,choctaw_county
01025,clarke_county
01027,clay_county
01029,cleburne_county
01031,coffee_county
01033,colbert_county
01035,conecuh_county
01037,coosa_county
01039,covington_county
01041,crenshaw_county
01043,cullman_county
01045,dale_county
01047,dallas_county
01049,dekalb_county
01051,elmore_county
01053,escambia_county
01055,etowah_county
01057,fayette_county
01059,franklin_county
01061,geneva_county
01063,greene_county
01065,hale_county
01067,henry_county
01069,houston_county
01071,jackson_county
01073,jefferson_county
01075,lamar_county
01077,lauderdale_county
01079,lawrence_county
01081,lee_county
01083,limestone_county
01085,lowndes_county
01087,macon_county
01089,madison_county
01091,marengo_county
01093,marion_county
01095,marshall_county
01097,mobile_county
01099,monroe_county
01101,montgomery_county
01103,morgan_county
01105,perry_county
01107,pickens_county
01109,pike_county
01111,randolph_county
01113,russell_county
01115,st._clair_county
01117,shelby_county
01119,sumter_county
01121,talladega_county
01123,tallapoosa_county
01125,tuscaloosa_county
01127,walker_county
01129,washington_county
01131,wilcox_county
01133,winston_county
02000,alaska
02013,aleutians_east_borough
02016,aleutians_west_census_area
02020,anchorage_borough
02050,bethel_census_area
02060,bristol_bay_borough
02068,denali_borough
02070,dillingham_census_area
02090,fairbanks_north_star_borough
02100,haines_borough
02110,juneau_borough
02122,kenai_peninsula_borough
02130,ketchikan_gateway_borough
02150,kodiak_island_borough
02164,lake_and_peninsula_borough
02170,matanuska-susitna_borough
02180,nome_census_area
02185,north_slope_borough
02188,northwest_arctic_borough
02201,prince_of_wales-outer_ketchikan_census_area
02220,sitka_borough
02231,skagway-yakutat-angoon_census_area
02232,skagway-hoonah-angoon_census_area
02240,southeast_fairbanks_census_area
02261,valdez-cordova_census_area
02270,wade_hampton_census_area
02280,wrangell-petersburg_census_area
02282,yakutat_borough
02290,yukon-koyukuk_census_area
04000,arizona
04001,apache_county
04003,cochise_county
04005,coconino_county
04007,gila_county
04009,graham_county
04011,greenlee_county
04012,la_paz_county
04013,maricopa_county
04015,mohave_county
04017,navajo_county
04019,pima_county
04021,pinal_county
04023,santa_cruz_county
04025,yavapai_county
04027,yuma_county
05000,arkansas
05001,arkansas_county
05003,ashley_county
05005,baxter_county
05007,benton_county
05009,boone_county
05011,bradley_county
05013,calhoun_county
05015,carroll_county
05017,chicot_county
05019,clark_county
05021,clay_county
05023,cleburne_county
05025,cleveland_county
05027,columbia_county
05029,conway_county
05031,craighead_county
05033,crawford_county
05035,crittenden_county
05037,cross_county
05039,dallas_county
05041,desha_county
05043,drew_county
05045,faulkner_county
05047,franklin_county
05049,fulton_county
05051,garland_county
05053,grant_county
05055,greene_county
05057,hempstead_county
05059,hot_spring_county
05061,howard_county
05063,independence_county
05065,izard_county
05067,jackson_county
05069,jefferson_county
05071,johnson_county
05073,lafayette_county
05075,lawrence_county
05077,lee_county
05079,lincoln_county
05081,little_river_county
05083,logan_county
05085,lonoke_county
05087,madison_county
05089,marion_county
05091,miller_county
05093,mississippi_county
05095,monroe_county
05097,montgomery_county
05099,nevada_county
05101,newton_county
05103,ouachita_county
05105,perry_county
05107,phillips_county
05109,pike_county
05111,poinsett_county
05113,polk_county
05115,pope_county
05117,prairie_county
05119,pulaski_county
05121,randolph_county
05123,st._francis_county
05125,saline_county
05127,scott_county
05129,searcy_county
05131,sebastian_county
05133,sevier_county
05135,sharp_county
05137,stone_county
05139,union_county
05141,van_buren_county
05143,washington_county
05145,white_county
05147,woodruff_county
05149,yell_county
06000,california
06001,alameda_county
06003,alpine_county
06005,amador_county
06007,butte_county
06009,calaveras_county
06011,colusa_county
06013,contra_costa_county
06015,del_norte_county
06017,el_dorado_county
06019,fresno_county
06021,glenn_county
06023,humboldt_county
06025,imperial_county
06027,inyo_county
06029,kern_county
06031,kings_county
06033,lake_county
06035,lassen_county
06037,los_angeles_county
06039,madera_county
06041,marin_county
06043,mariposa_county
06045,mendocino_county
06047,merced_county
06049,modoc_county
06051,mono_county
06053,monterey_county
06055,napa_county
06057,nevada_county
06059,orange_county
06061,placer_county
06063,plumas_county
06065,riverside_county
06067,sacramento_county
06069,san_benito_county
06071,san_bernardino_county
06073,san_diego_county
06075,san_francisco_county
06077,san_joaquin_county
06079,san_luis_obispo_county
06081,san_mateo_county
06083,santa_barbara_county
06085,santa_clara_county
06087,santa_cruz_county
06089,shasta_county
06091,sierra_county
06093,siskiyou_county
06095,solano_county
06097,sonoma_county
06099,stanislaus_county
06101,sutter_county
06103,tehama_county
06105,trinity_county
06107,tulare_county
06109,tuolumne_county
06111,ventura_county
06113,yolo_county
06115,yuba_county
08000,colorado
08001,adams_county
08003,alamosa_county
08005,arapahoe_county
08007,archuleta_county
08009,baca_county
08011,bent_county
08013,boulder_county
08015,chaffee_county
08017,cheyenne_county
08019,clear_creek_county
08021,conejos_county
08023,costilla_county
08025,crowley_county
08027,custer_county
08029,delta_county
08031,denver_county
08033,dolores_county
08035,douglas_county
08037,eagle_county
08039,elbert_county
08041,el_paso_county
08043,fremont_county
08045,garfield_county
08047,gilpin_county
08049,grand_county
08051,gunnison_county
08053,hinsdale_county
08055,huerfano_county
08057,jackson_county
08059,jefferson_county
08061,kiowa_county
08063,kit_carson_county
08065,lake_county
08067,la_plata_county
08069,larimer_county
08071,las_animas_county
08073,lincoln_county
08075,logan_county
08077,mesa_county
08079,mineral_county
08081,moffat_county
08083,montezuma_county
08085,montrose_county
08087,morgan_county
08089,otero_county
08091,ouray_county
08093,park_county
08095,phillips_county
08097,pitkin_county
08099,prowers_county
08101,pueblo_county
08103,rio_blanco_county
08105,rio_grande_county
08107,routt_county
08109,saguache_county
08111,san_juan_county
08113,san_miguel_county
08115,sedgwick_county
08117,summit_county
08119,teller_county
08121,washington_county
08123,weld_county
08125,yuma_county
09000,connecticut
09001,fairfield_county
09003,hartford_county
09005,litchfield_county
09007,middlesex_county
09009,new_haven_county
09011,new_london_county
09013,tolland_county
09015,windham_county
10000,delaware
10001,kent_county
10003,new_castle_county
10005,sussex_county
11000,district_of_columbia
11001,district_of_columbia
12000,florida
12001,alachua_county
12003,baker_county
12005,bay_county
12007,bradford_county
12009,brevard_county
12011,broward_county
12013,calhoun_county
12015,charlotte_county
12017,citrus_county
12019,clay_county
12021,collier_county
12023,columbia_county
12025,dade_county
12027,desoto_county
12029,dixie_county
12031,duval_county
12033,escambia_county
12035,flagler_county
12037,franklin_county
12039,gadsden_county
12041,gilchrist_county
12043,glades_county
12045,gulf_county
12047,hamilton_county
12049,hardee_county
12051,hendry_county
12053,hernando_county
12055,highlands_county
12057,hillsborough_county
12059,holmes_county
12061,indian_river_county
12063,jackson_county
12065,jefferson_county
12067,lafayette_county
12069,lake_county
12071,lee_county
12073,leon_county
12075,levy_county
12077,liberty_county
12079,madison_county
12081,manatee_county
12083,marion_county
12085,martin_county
12087,monroe_county
12089,nassau_county
12091,okaloosa_county
12093,okeechobee_county
12095,orange_county
12097,osceola_county
12099,palm_beach_county
12101,pasco_county
12103,pinellas_county
12105,polk_county
12107,putnam_county
12109,st._johns_county
12111,st._lucie_county
12113,santa_rosa_county
12115,sarasota_county
12117,seminole_county
12119,sumter_county
12121,suwannee_county
12123,taylor_county
12125,union_county
12127,volusia_county
12129,wakulla_county
12131,walton_county
12133,washington_county
13000,georgia
13001,appling_county
13003,atkinson_county
13005,bacon_county
13007,baker_county
13009,baldwin_county
13011,banks_county
13013,barrow_county
13015,bartow_county
13017,ben_hill_county
13019,berrien_county
13021,bibb_county
13023,bleckley_county
13025,brantley_county
13027,brooks_county
13029,bryan_county
13031,bulloch_county
13033,burke_county
13035,butts_county
13037,calhoun_county
13039,camden_county
13043,candler_county
13045,carroll_county
13047,catoosa_county
13049,charlton_county
13051,chatham_county
13053,chattahoochee_county
13055,chattooga_county
13057,cherokee_county
13059,clarke_county
13061,clay_county
13063,clayton_county
13065,clinch_county
13067,cobb_county
13069,coffee_county
13071,colquitt_county
13073,columbia_county
13075,cook_county
13077,coweta_county
13079,crawford_county
13081,crisp_county
13083,dade_county
13085,dawson_county
13087,decatur_county
13089,dekalb_county
13091,dodge_county
13093,dooly_county
13095,dougherty_county
13097,douglas_county
13099,early_county
13101,echols_county
13103,effingham_county
13105,elbert_county
13107,emanuel_county
13109,evans_county
13111,fannin_county
13113,fayette_county
13115,floyd_county
13117,forsyth_county
13119,franklin_county
13121,fulton_county
13123,gilmer_county
13125,glascock_county
13127,glynn_county
13129,gordon_county
13131,grady_county
13133,greene_county
13135,gwinnett_county
13137,habersham_county
13139,hall_county
13141,hancock_county
13143,haralson_county
13145,harris_county
13147,hart_county
13149,heard_county
13151,henry_county
13153,houston_county
13155,irwin_county
13157,jackson_county
13159,jasper_county
13161,jeff_davis_county
13163,jefferson_county
13165,jenkins_county
13167,johnson_county
13169,jones_county
13171,lamar_county
13173,lanier_county
13175,laurens_county
13177,lee_county
13179,liberty_county
13181,lincoln_county
13183,long_county
13185,lowndes_county
13187,lumpkin_county
13189,mcduffie_county
13191,mcintosh_county
13193,macon_county
13195,madison_county
13197,marion_county
13199,meriwether_county
13201,miller_county
13205,mitchell_county
13207,monroe_county
13209,montgomery_county
13211,morgan_county
13213,murray_county
13215,muscogee_county
13217,newton_county
13219,oconee_county
13221,oglethorpe_county
13223,paulding_county
13225,peach_county
13227,pickens_county
13229,pierce_county
13231,pike_county
13233,polk_county
13235,pulaski_county
13237,putnam_county
13239,quitman_county
13241,rabun_county
13243,randolph_county
13245,richmond_county
13247,rockdale_county
13249,schley_county
13251,screven_county
13253,seminole_county
13255,spalding_county
13257,stephens_county
13259,stewart_county
13261,sumter_county
13263,talbot_county
13265,taliaferro_county
13267,tattnall_county
13269,taylor_county
13271,telfair_county
13273,terrell_county
13275,thomas_county
13277,tift_county
13279,toombs_county
13281,towns_county
13283,treutlen_county
13285,troup_county
13287,turner_county
13289,twiggs_county
13291,union_county
13293,upson_county
13295,walker_county
13297,walton_county
13299,ware_county
13301,warren_county
13303,washington_county
13305,wayne_county
13307,webster_county
13309,wheeler_county
13311,white_county
13313,whitfield_county
13315,wilcox_county
13317,wilkes_county
13319,wilkinson_county
13321,worth_county
15000,hawaii
15001,hawaii_county
15003,honolulu_county
15005,kalawao_county
15007,kauai_county
15009,maui_county
16000,idaho
16001,ada_county
16003,adams_county
16005,bannock_county
16007,bear_lake_county
16009,benewah_county
16011,bingham_county
16013,blaine_county
16015,boise_county
16017,bonner_county
16019,bonneville_county
16021,boundary_county
16023,butte_county
16025,camas_county
16027,canyon_county
16029,caribou_county
16031,cassia_county
16033,clark_county
16035,clearwater_county
16037,custer_county
16039,elmore_county
16041,franklin_county
16043,fremont_county
16045,gem_county
16047,gooding_county
16049,idaho_county
16051,jefferson_county
16053,jerome_county
16055,kootenai_county
16057,latah_county
16059,lemhi_county
16061,lewis_county
16063,lincoln_county
16065,madison_county
16067,minidoka_county
16069,nez_perce_county
16071,oneida_county
16073,owyhee_county
16075,payette_county
16077,power_county
16079,shoshone_county
16081,teton_county
16083,twin_falls_county
16085,valley_county
16087,washington_county
17000,illinois
17001,adams_county
17003,alexander_county
17005,bond_county
17007,boone_county
17009,brown_county
17011,bureau_county
17013,calhoun_county
17015,carroll_county
17017,cass_county
17019,champaign_county
17021,christian_county
17023,clark_county
17025,clay_county
17027,clinton_county
17029,coles_county
17031,cook_county
17033,crawford_county
17035,cumberland_county
17037,dekalb_county
17039,de_witt_county
17041,douglas_county
17043,dupage_county
17045,edgar_county
17047,edwards_county
17049,effingham_county
17051,fayette_county
17053,ford_county
17055,franklin_county
17057,fulton_county
17059,gallatin_county
17061,greene_county
17063,grundy_county
17065,hamilton_county
17067,hancock_county
17069,hardin_county
17071,henderson_county
17073,henry_county
17075,iroquois_county
17077,jackson_county
17079,jasper_county
17081,jefferson_county
17083,jersey_county
17085,jo_daviess_county
17087,johnson_county
17089,kane_county
17091,kankakee_county
17093,kendall_county
17095,knox_county
17097,lake_county
17099,la_salle_county
17101,lawrence_county
17103,lee_county
17105,livingston_county
17107,logan_county
17109,mcdonough_county
17111,mchenry_county
17113,mclean_county
17115,macon_county
17117,macoupin_county
17119,madison_county
17121,marion_county
17123,marshall_county
17125,mason_county
17127,massac_county
17129,menard_county
17131,mercer_county
17133,monroe_county
17135,montgomery_county
17137,morgan_county
17139,moultrie_county
17141,ogle_county
17143,peoria_county
17145,perry_county
17147,piatt_county
17149,pike_county
17151,pope_county
17153,pulaski_county
17155,putnam_county
17157,randolph_county
17159,richland_county
17161,rock_island_county
17163,st._clair_county
17165,saline_county
17167,sangamon_county
17169,schuyler_county
17171,scott_county
17173,shelby_county
17175,stark_county
17177,stephenson_county
17179,tazewell_county
17181,union_county
17183,vermilion_county
17185,wabash_county
17187,warren_county
17189,washington_county
17191,wayne_county
17193,white_county
17195,whiteside_county
17197,will_county
17199,williamson_county
17201,winnebago_county
17203,woodford_county
18000,indiana
18001,adams_county
18003,allen_county
18005,bartholomew_county
18007,benton_county
18009,blackford_county
18011,boone_county
18013,brown_county
18015,carroll_county
18017,cass_county
18019,clark_county
18021,clay_county
18023,clinton_county
18025,crawford_county
18027,daviess_county
18029,dearborn_county
18031,decatur_county
18033,de_kalb_county
18035,delaware_county
18037,dubois_county
18039,elkhart_county
18041,fayette_county
18043,floyd_county
18045,fountain_county
18047,franklin_county
18049,fulton_county
18051,gibson_county
18053,grant_county
18055,greene_county
18057,hamilton_county
18059,hancock_county
18061,harrison_county
18063,hendricks_county
18065,henry_county
18067,howard_county
18069,huntington_county
18071,jackson_county
18073,jasper_county
18075,jay_county
18077,jefferson_county
18079,jennings_county
18081,johnson_county
18083,knox_county
18085,kosciusko_county
18087,lagrange_county
18089,lake_county
18091,la_porte_county
18093,lawrence_county
18095,madison_county
18097,marion_county
18099,marshall_county
18101,martin_county
18103,miami_county
18105,monroe_county
18107,montgomery_county
18109,morgan_county
18111,newton_county
18113,noble_county
18115,ohio_county
18117,orange_county
18119,owen_county
18121,parke_county
18123,perry_county
18125,pike_county
18127,porter_county
18129,posey_county
18131,pulaski_county
18133,putnam_county
18135,randolph_county
18137,ripley_county
18139,rush_county
18141,st._joseph_county
18143,scott_county
18145,shelby_county
18147,spencer_county
18149,starke_county
18151,steuben_county
18153,sullivan_county
18155,switzerland_county
18157,tippecanoe_county
18159,tipton_county
18161,union_county
18163,vanderburgh_county
18165,vermillion_county
18167,vigo_county
18169,wabash_county
18171,warren_county
18173,warrick_county
18175,washington_county
18177,wayne_county
18179,wells_county
18181,white_county
18183,whitley_county
19000,iowa
19001,adair_county
19003,adams_county
19005,allamakee_county
19007,appanoose_county
19009,audubon_county
19011,benton_county
19013,black_hawk_county
19015,boone_county
19017,bremer_county
19019,buchanan_county
19021,buena_vista_county
19023,butler_county
19025,calhoun_county
19027,carroll_county
19029,cass_county
19031,cedar_county
19033,cerro_gordo_county
19035,cherokee_county
19037,chickasaw_county
19039,clarke_county
19041,clay_county
19043,clayton_county
19045,clinton_county
19047,crawford_county
19049,dallas_county
19051,davis_county
19053,decatur_county
19055,delaware_county
19057,des_moines_county
19059,dickinson_county
19061,dubuque_county
19063,emmet_county
19065,fayette_county
19067,floyd_county
19069,franklin_county
19071,fremont_county
19073,greene_county
19075,grundy_county
19077,guthrie_county
19079,hamilton_county
19081,hancock_county
19083,hardin_county
19085,harrison_county
19087,henry_county
19089,howard_county
19091,humboldt_county
19093,ida_county
19095,iowa_county
19097,jackson_county
19099,jasper_county
19101,jefferson_county
19103,johnson_county
19105,jones_county
19107,keokuk_county
19109,kossuth_county
19111,lee_county
19113,linn_county
19115,louisa_county
19117,lucas_county
19119,lyon_county
19121,madison_county
19123,mahaska_county
19125,marion_county
19127,marshall_county
19129,mills_county
19131,mitchell_county
19133,monona_county
19135,monroe_county
19137,montgomery_county
19139,muscatine_county
19141,o
19143,osceola_county
19145,page_county
19147,palo_alto_county
19149,plymouth_county
19151,pocahontas_county
19153,polk_county
19155,pottawattamie_county
19157,poweshiek_county
19159,ringgold_county
19161,sac_county
19163,scott_county
19165,shelby_county
19167,sioux_county
19169,story_county
19171,tama_county
19173,taylor_county
19175,union_county
19177,van_buren_county
19179,wapello_county
19181,warren_county
19183,washington_county
19185,wayne_county
19187,webster_county
19189,winnebago_county
19191,winneshiek_county
19193,woodbury_county
19195,worth_county
19197,wright_county
20000,kansas
20001,allen_county
20003,anderson_county
20005,atchison_county
20007,barber_county
20009,barton_county
20011,bourbon_county
20013,brown_county
20015,butler_county
20017,chase_county
20019,chautauqua_county
20021,cherokee_county
20023,cheyenne_county
20025,clark_county
20027,clay_county
20029,cloud_county
20031,coffey_county
20033,comanche_county
20035,cowley_county
20037,crawford_county
20039,decatur_county
20041,dickinson_county
20043,doniphan_county
20045,douglas_county
20047,edwards_county
20049,elk_county
20051,ellis_county
20053,ellsworth_county
20055,finney_county
20057,ford_county
20059,franklin_county
20061,geary_county
20063,gove_county
20065,graham_county
20067,grant_county
20069,gray_county
20071,greeley_county
20073,greenwood_county
20075,hamilton_county
20077,harper_county
20079,harvey_county
20081,haskell_county
20083,hodgeman_county
20085,jackson_county
20087,jefferson_county
20089,jewell_county
20091,johnson_county
20093,kearny_county
20095,kingman_county
20097,kiowa_county
20099,labette_county
20101,lane_county
20103,leavenworth_county
20105,lincoln_county
20107,linn_county
20109,logan_county
20111,lyon_county
20113,mcpherson_county
20115,marion_county
20117,marshall_county
20119,meade_county
20121,miami_county
20123,mitchell_county
20125,montgomery_county
20127,morris_county
20129,morton_county
20131,nemaha_county
20133,neosho_county
20135,ness_county
20137,norton_county
20139,osage_county
20141,osborne_county
20143,ottawa_county
20145,pawnee_county
20147,phillips_county
20149,pottawatomie_county
20151,pratt_county
20153,rawlins_county
20155,reno_county
20157,republic_county
20159,rice_county
20161,riley_county
20163,rooks_county
20165,rush_county
20167,russell_county
20169,saline_county
20171,scott_county
20173,sedgwick_county
20175,seward_county
20177,shawnee_county
20179,sheridan_county
20181,sherman_county
20183,smith_county
20185,stafford_county
20187,stanton_county
20189,stevens_county
20191,sumner_county
20193,thomas_county
20195,trego_county
20197,wabaunsee_county
20199,wallace_county
20201,washington_county
20203,wichita_county
20205,wilson_county
20207,woodson_county
20209,wyandotte_county
21000,kentucky
21001,adair_county
21003,allen_county
21005,anderson_county
21007,ballard_county
21009,barren_county
21011,bath_county
21013,bell_county
21015,boone_county
21017,bourbon_county
21019,boyd_county
21021,boyle_county
21023,bracken_county
21025,breathitt_county
21027,breckinridge_county
21029,bullitt_county
21031,butler_county
21033,caldwell_county
21035,calloway_county
21037,campbell_county
21039,carlisle_county
21041,carroll_county
21043,carter_county
21045,casey_county
21047,christian_county
21049,clark_county
21051,clay_county
21053,clinton_county
21055,crittenden_county
21057,cumberland_county
21059,daviess_county
21061,edmonson_county
21063,elliott_county
21065,estill_county
21067,fayette_county
21069,fleming_county
21071,floyd_county
21073,franklin_county
21075,fulton_county
21077,gallatin_county
21079,garrard_county
21081,grant_county
21083,graves_county
21085,grayson_county
21087,green_county
21089,greenup_county
21091,hancock_county
21093,hardin_county
21095,harlan_county
21097,harrison_county
21099,hart_county
21101,henderson_county
21103,henry_county
21105,hickman_county
21107,hopkins_county
21109,jackson_county
21111,jefferson_county
21113,jessamine_county
21115,johnson_county
21117,kenton_county
21119,knott_county
21121,knox_county
21123,larue_county
21125,laurel_county
21127,lawrence_county
21129,lee_county
21131,leslie_county
21133,letcher_county
21135,lewis_county
21137,lincoln_county
21139,livingston_county
21141,logan_county
21143,lyon_county
21145,mccracken_county
21147,mccreary_county
21149,mclean_county
21151,madison_county
21153,magoffin_county
21155,marion_county
21157,marshall_county
21159,martin_county
21161,mason_county
21163,meade_county
21165,menifee_county
21167,mercer_county
21169,metcalfe_county
21171,monroe_county
21173,montgomery_county
21175,morgan_county
21177,muhlenberg_county
21179,nelson_county
21181,nicholas_county
21183,ohio_county
21185,oldham_county
21187,owen_county
21189,owsley_county
21191,pendleton_county
21193,perry_county
21195,pike_county
21197,powell_county
21199,pulaski_county
21201,robertson_county
21203,rockcastle_county
21205,rowan_county
21207,russell_county
21209,scott_county
21211,shelby_county
21213,simpson_county
21215,spencer_county
21217,taylor_county
21219,todd_county
21221,trigg_county
21223,trimble_county
21225,union_county
21227,warren_county
21229,washington_county
21231,wayne_county
21233,webster_county
21235,whitley_county
21237,wolfe_county
21239,woodford_county
22000,louisiana
22001,acadia_parish
22003,allen_parish
22005,ascension_parish
22007,assumption_parish
22009,avoyelles_parish
22011,beauregard_parish
22013,bienville_parish
22015,bossier_parish
22017,caddo_parish
22019,calcasieu_parish
22021,caldwell_parish
22023,cameron_parish
22025,catahoula_parish
22027,claiborne_parish
22029,concordia_parish
22031,de_soto_parish
22033,east_baton_rouge_parish
22035,east_carroll_parish
22037,east_feliciana_parish
22039,evangeline_parish
22041,franklin_parish
22043,grant_parish
22045,iberia_parish
22047,iberville_parish
22049,jackson_parish
22051,jefferson_parish
22053,jefferson_davis_parish
22055,lafayette_parish
22057,lafourche_parish
22059,la_salle_parish
22061,lincoln_parish
22063,livingston_parish
22065,madison_parish
22067,morehouse_parish
22069,natchitoches_parish
22071,orleans_parish
22073,ouachita_parish
22075,plaquemines_parish
22077,pointe_coupee_parish
22079,rapides_parish
22081,red_river_parish
22083,richland_parish
22085,sabine_parish
22087,st._bernard_parish
22089,st._charles_parish
22091,st._helena_parish
22093,st._james_parish
22095,st._john_the_baptist_parish
22097,st._landry_parish
22099,st._martin_parish
22101,st._mary_parish
22103,st._tammany_parish
22105,tangipahoa_parish
22107,tensas_parish
22109,terrebonne_parish
22111,union_parish
22113,vermilion_parish
22115,vernon_parish
22117,washington_parish
22119,webster_parish
22121,west_baton_rouge_parish
22123,west_carroll_parish
22125,west_feliciana_parish
22127,winn_parish
23000,maine
23001,androscoggin_county
23003,aroostook_county
23005,cumberland_county
23007,franklin_county
23009,hancock_county
23011,kennebec_county
23013,knox_county
23015,lincoln_county
23017,oxford_county
23019,penobscot_county
23021,piscataquis_county
23023,sagadahoc_county
23025,somerset_county
23027,waldo_county
23029,washington_county
23031,york_county
24000,maryland
24001,allegany_county
24003,anne_arundel_county
24005,baltimore_county
24009,calvert_county
24011,caroline_county
24013,carroll_county
24015,cecil_county
24017,charles_county
24019,dorchester_county
24021,frederick_county
24023,garrett_county
24025,harford_county
24027,howard_county
24029,kent_county
24031,montgomery_county
24033,prince_george
24035,queen_anne
24037,st._mary
24039,somerset_county
24041,talbot_county
24043,washington_county
24045,wicomico_county
24047,worcester_county
24510,baltimore_city
25000,massachusetts
25001,barnstable_county
25003,berkshire_county
25005,bristol_county
25007,dukes_county
25009,essex_county
25011,franklin_county
25013,hampden_county
25015,hampshire_county
25017,middlesex_county
25019,nantucket_county
25021,norfolk_county
25023,plymouth_county
25025,suffolk_county
25027,worcester_county
26000,michigan
26001,alcona_county
26003,alger_county
26005,allegan_county
26007,alpena_county
26009,antrim_county
26011,arenac_county
26013,baraga_county
26015,barry_county
26017,bay_county
26019,benzie_county
26021,berrien_county
26023,branch_county
26025,calhoun_county
26027,cass_county
26029,charlevoix_county
26031,cheboygan_county
26033,chippewa_county
26035,clare_county
26037,clinton_county
26039,crawford_county
26041,delta_county
26043,dickinson_county
26045,eaton_county
26047,emmet_county
26049,genesee_county
26051,gladwin_county
26053,gogebic_county
26055,grand_traverse_county
26057,gratiot_county
26059,hillsdale_county
26061,houghton_county
26063,huron_county
26065,ingham_county
26067,ionia_county
26069,iosco_county
26071,iron_county
26073,isabella_county
26075,jackson_county
26077,kalamazoo_county
26079,kalkaska_county
26081,kent_county
26083,keweenaw_county
26085,lake_county
26087,lapeer_county
26089,leelanau_county
26091,lenawee_county
26093,livingston_county
26095,luce_county
26097,mackinac_county
26099,macomb_county
26101,manistee_county
26103,marquette_county
26105,mason_county
26107,mecosta_county
26109,menominee_county
26111,midland_county
26113,missaukee_county
26115,monroe_county
26117,montcalm_county
26119,montmorency_county
26121,muskegon_county
26123,newaygo_county
26125,oakland_county
26127,oceana_county
26129,ogemaw_county
26131,ontonagon_county
26133,osceola_county
26135,oscoda_county
26137,otsego_county
26139,ottawa_county
26141,presque_isle_county
26143,roscommon_county
26145,saginaw_county
26147,st._clair_county
26149,st._joseph_county
26151,sanilac_county
26153,schoolcraft_county
26155,shiawassee_county
26157,tuscola_county
26159,van_buren_county
26161,washtenaw_county
26163,wayne_county
26165,wexford_county
27000,minnesota
27001,aitkin_county
27003,anoka_county
27005,becker_county
27007,beltrami_county
27009,benton_county
27011,big_stone_county
27013,blue_earth_county
27015,brown_county
27017,carlton_county
27019,carver_county
27021,cass_county
27023,chippewa_county
27025,chisago_county
27027,clay_county
27029,clearwater_county
27031,cook_county
27033,cottonwood_county
27035,crow_wing_county
27037,dakota_county
27039,dodge_county
27041,douglas_county
27043,faribault_county
27045,fillmore_county
27047,freeborn_county
27049,goodhue_county
27051,grant_county
27053,hennepin_county
27055,houston_county
27057,hubbard_county
27059,isanti_county
27061,itasca_county
27063,jackson_county
27065,kanabec_county
27067,kandiyohi_county
27069,kittson_county
27071,koochiching_county
27073,lac_qui_parle_county
27075,lake_county
27077,lake_of_the_woods_county
27079,le_sueur_county
27081,lincoln_county
27083,lyon_county
27085,mcleod_county
27087,mahnomen_county
27089,marshall_county
27091,martin_county
27093,meeker_county
27095,mille_lacs_county
27097,morrison_county
27099,mower_county
27101,murray_county
27103,nicollet_county
27105,nobles_county
27107,norman_county
27109,olmsted_county
27111,otter_tail_county
27113,pennington_county
27115,pine_county
27117,pipestone_county
27119,polk_county
27121,pope_county
27123,ramsey_county
27125,red_lake_county
27127,redwood_county
27129,renville_county
27131,rice_county
27133,rock_county
27135,roseau_county
27137,st._louis_county
27139,scott_county
27141,sherburne_county
27143,sibley_county
27145,stearns_county
27147,steele_county
27149,stevens_county
27151,swift_county
27153,todd_county
27155,traverse_county
27157,wabasha_county
27159,wadena_county
27161,waseca_county
27163,washington_county
27165,watonwan_county
27167,wilkin_county
27169,winona_county
27171,wright_county
27173,yellow_medicine_county
28000,mississippi
28001,adams_county
28003,alcorn_county
28005,amite_county
28007,attala_county
28009,benton_county
28011,bolivar_county
28013,calhoun_county
28015,carroll_county
28017,chickasaw_county
28019,choctaw_county
28021,claiborne_county
28023,clarke_county
28025,clay_county
28027,coahoma_county
28029,copiah_county
28031,covington_county
28033,desoto_county
28035,forrest_county
28037,franklin_county
28039,george_county
28041,greene_county
28043,grenada_county
28045,hancock_county
28047,harrison_county
28049,hinds_county
28051,holmes_county
28053,humphreys_county
28055,issaquena_county
28057,itawamba_county
28059,jackson_county
28061,jasper_county
28063,jefferson_county
28065,jefferson_davis_county
28067,jones_county
28069,kemper_county
28071,lafayette_county
28073,lamar_county
28075,lauderdale_county
28077,lawrence_county
28079,leake_county
28081,lee_county
28083,leflore_county
28085,lincoln_county
28087,lowndes_county
28089,madison_county
28091,marion_county
28093,marshall_county
28095,monroe_county
28097,montgomery_county
28099,neshoba_county
28101,newton_county
28103,noxubee_county
28105,oktibbeha_county
28107,panola_county
28109,pearl_river_county
28111,perry_county
28113,pike_county
28115,pontotoc_county
28117,prentiss_county
28119,quitman_county
28121,rankin_county
28123,scott_county
28125,sharkey_county
28127,simpson_county
28129,smith_county
28131,stone_county
28133,sunflower_county
28135,tallahatchie_county
28137,tate_county
28139,tippah_county
28141,tishomingo_county
28143,tunica_county
28145,union_county
28147,walthall_county
28149,warren_county
28151,washington_county
28153,wayne_county
28155,webster_county
28157,wilkinson_county
28159,winston_county
28161,yalobusha_county
28163,yazoo_county
29000,missouri
29001,adair_county
29003,andrew_county
29005,atchison_county
29007,audrain_county
29009,barry_county
29011,barton_county
29013,bates_county
29015,benton_county
29017,bollinger_county
29019,boone_county
29021,buchanan_county
29023,butler_county
29025,caldwell_county
29027,callaway_county
29029,camden_county
29031,cape_girardeau_county
29033,carroll_county
29035,carter_county
29037,cass_county
29039,cedar_county
29041,chariton_county
29043,christian_county
29045,clark_county
29047,clay_county
29049,clinton_county
29051,cole_county
29053,cooper_county
29055,crawford_county
29057,dade_county
29059,dallas_county
29061,daviess_county
29063,dekalb_county
29065,dent_county
29067,douglas_county
29069,dunklin_county
29071,franklin_county
29073,gasconade_county
29075,gentry_county
29077,greene_county
29079,grundy_county
29081,harrison_county
29083,henry_county
29085,hickory_county
29087,holt_county
29089,howard_county
29091,howell_county
29093,iron_county
29095,jackson_county
29097,jasper_county
29099,jefferson_county
29101,johnson_county
29103,knox_county
29105,laclede_county
29107,lafayette_county
29109,lawrence_county
29111,lewis_county
29113,lincoln_county
29115,linn_county
29117,livingston_county
29119,mcdonald_county
29121,macon_county
29123,madison_county
29125,maries_county
29127,marion_county
29129,mercer_county
29131,miller_county
29133,mississippi_county
29135,moniteau_county
29137,monroe_county
29139,montgomery_county
29141,morgan_county
29143,new_madrid_county
29145,newton_county
29147,nodaway_county
29149,oregon_county
29151,osage_county
29153,ozark_county
29155,pemiscot_county
29157,perry_county
29159,pettis_county
29161,phelps_county
29163,pike_county
29165,platte_county
29167,polk_county
29169,pulaski_county
29171,putnam_county
29173,ralls_county
29175,randolph_county
29177,ray_county
29179,reynolds_county
29181,ripley_county
29183,st._charles_county
29185,st._clair_county
29186,ste._genevieve_county
29187,st._francois_county
29189,st._louis_county
29195,saline_county
29197,schuyler_county
29199,scotland_county
29201,scott_county
29203,shannon_county
29205,shelby_county
29207,stoddard_county
29209,stone_county
29211,sullivan_county
29213,taney_county
29215,texas_county
29217,vernon_county
29219,warren_county
29221,washington_county
29223,wayne_county
29225,webster_county
29227,worth_county
29229,wright_county
29510,st._louis_city
30000,montana
30001,beaverhead_county
30003,big_horn_county
30005,blaine_county
30007,broadwater_county
30009,carbon_county
30011,carter_county
30013,cascade_county
30015,chouteau_county
30017,custer_county
30019,daniels_county
30021,dawson_county
30023,deer_lodge_county
30025,fallon_county
30027,fergus_county
30029,flathead_county
30031,gallatin_county
30033,garfield_county
30035,glacier_county
30037,golden_valley_county
30039,granite_county
30041,hill_county
30043,jefferson_county
30045,judith_basin_county
30047,lake_county
30049,lewis_and_clark_county
30051,liberty_county
30053,lincoln_county
30055,mccone_county
30057,madison_county
30059,meagher_county
30061,mineral_county
30063,missoula_county
30065,musselshell_county
30067,park_county
30069,petroleum_county
30071,phillips_county
30073,pondera_county
30075,powder_river_county
30077,powell_county
30079,prairie_county
30081,ravalli_county
30083,richland_county
30085,roosevelt_county
30087,rosebud_county
30089,sanders_county
30091,sheridan_county
30093,silver_bow_county
30095,stillwater_county
30097,sweet_grass_county
30099,teton_county
30101,toole_county
30103,treasure_county
30105,valley_county
30107,wheatland_county
30109,wibaux_county
30111,yellowstone_county
30113,yellowstone_national_park
31000,nebraska
31001,adams_county
31003,antelope_county
31005,arthur_county
31007,banner_county
31009,blaine_county
31011,boone_county
31013,box_butte_county
31015,boyd_county
31017,brown_county
31019,buffalo_county
31021,burt_county
31023,butler_county
31025,cass_county
31027,cedar_county
31029,chase_county
31031,cherry_county
31033,cheyenne_county
31035,clay_county
31037,colfax_county
31039,cuming_county
31041,custer_county
31043,dakota_county
31045,dawes_county
31047,dawson_county
31049,deuel_county
31051,dixon_county
31053,dodge_county
31055,douglas_county
31057,dundy_county
31059,fillmore_county
31061,franklin_county
31063,frontier_county
31065,furnas_county
31067,gage_county
31069,garden_county
31071,garfield_county
31073,gosper_county
31075,grant_county
31077,greeley_county
31079,hall_county
31081,hamilton_county
31083,harlan_county
31085,hayes_county
31087,hitchcock_county
31089,holt_county
31091,hooker_county
31093,howard_county
31095,jefferson_county
31097,johnson_county
31099,kearney_county
31101,keith_county
31103,keya_paha_county
31105,kimball_county
31107,knox_county
31109,lancaster_county
31111,lincoln_county
31113,logan_county
31115,loup_county
31117,mcpherson_county
31119,madison_county
31121,merrick_county
31123,morrill_county
31125,nance_county
31127,nemaha_county
31129,nuckolls_county
31131,otoe_county
31133,pawnee_county
31135,perkins_county
31137,phelps_county
31139,pierce_county
31141,platte_county
31143,polk_county
31145,red_willow_county
31147,richardson_county
31149,rock_county
31151,saline_county
31153,sarpy_county
31155,saunders_county
31157,scotts_bluff_county
31159,seward_county
31161,sheridan_county
31163,sherman_county
31165,sioux_county
31167,stanton_county
31169,thayer_county
31171,thomas_county
31173,thurston_county
31175,valley_county
31177,washington_county
31179,wayne_county
31181,webster_county
31183,wheeler_county
31185,york_county
32000,nevada
32001,churchill_county
32003,clark_county
32005,douglas_county
32007,elko_county
32009,esmeralda_county
32011,eureka_county
32013,humboldt_county
32015,lander_county
32017,lincoln_county
32019,lyon_county
32021,mineral_county
32023,nye_county
32027,pershing_county
32029,storey_county
32031,washoe_county
32033,white_pine_county
32510,carson_city
33000,new_hampshire
33001,belknap_county
33003,carroll_county
33005,cheshire_county
33007,coos_county
33009,grafton_county
33011,hillsborough_county
33013,merrimack_county
33015,rockingham_county
33017,strafford_county
33019,sullivan_county
34000,new_jersey
34001,atlantic_county
34003,bergen_county
34005,burlington_county
34007,camden_county
34009,cape_may_county
34011,cumberland_county
34013,essex_county
34015,gloucester_county
34017,hudson_county
34019,hunterdon_county
34021,mercer_county
34023,middlesex_county
34025,monmouth_county
34027,morris_county
34029,ocean_county
34031,passaic_county
34033,salem_county
34035,somerset_county
34037,sussex_county
34039,union_county
34041,warren_county
35000,new_mexico
35001,bernalillo_county
35003,catron_county
35005,chaves_county
35006,cibola_county
35007,colfax_county
35009,curry_county
35011,debaca_county
35013,dona_ana_county
35015,eddy_county
35017,grant_county
35019,guadalupe_county
35021,harding_county
35023,hidalgo_county
35025,lea_county
35027,lincoln_county
35028,los_alamos_county
35029,luna_county
35031,mckinley_county
35033,mora_county
35035,otero_county
35037,quay_county
35039,rio_arriba_county
35041,roosevelt_county
35043,sandoval_county
35045,san_juan_county
35047,san_miguel_county
35049,santa_fe_county
35051,sierra_county
35053,socorro_county
35055,taos_county
35057,torrance_county
35059,union_county
35061,valencia_county
36000,new_york
36001,albany_county
36003,allegany_county
36005,bronx_county
36007,broome_county
36009,cattaraugus_county
36011,cayuga_county
36013,chautauqua_county
36015,chemung_county
36017,chenango_county
36019,clinton_county
36021,columbia_county
36023,cortland_county
36025,delaware_county
36027,dutchess_county
36029,erie_county
36031,essex_county
36033,franklin_county
36035,fulton_county
36037,genesee_county
36039,greene_county
36041,hamilton_county
36043,herkimer_county
36045,jefferson_county
36047,kings_county
36049,lewis_county
36051,livingston_county
36053,madison_county
36055,monroe_county
36057,montgomery_county
36059,nassau_county
36061,new_york_county
36063,niagara_county
36065,oneida_county
36067,onondaga_county
36069,ontario_county
36071,orange_county
36073,orleans_county
36075,oswego_county
36077,otsego_county
36079,putnam_county
36081,queens_county
36083,rensselaer_county
36085,richmond_county
36087,rockland_county
36089,st._lawrence_county
36091,saratoga_county
36093,schenectady_county
36095,schoharie_county
36097,schuyler_county
36099,seneca_county
36101,steuben_county
36103,suffolk_county
36105,sullivan_county
36107,tioga_county
36109,tompkins_county
36111,ulster_county
36113,warren_county
36115,washington_county
36117,wayne_county
36119,westchester_county
36121,wyoming_county
36123,yates_county
37000,north_carolina
37001,alamance_county
37003,alexander_county
37005,alleghany_county
37007,anson_county
37009,ashe_county
37011,avery_county
37013,beaufort_county
37015,bertie_county
37017,bladen_county
37019,brunswick_county
37021,buncombe_county
37023,burke_county
37025,cabarrus_county
37027,caldwell_county
37029,camden_county
37031,carteret_county
37033,caswell_county
37035,catawba_county
37037,chatham_county
37039,cherokee_county
37041,chowan_county
37043,clay_county
37045,cleveland_county
37047,columbus_county
37049,craven_county
37051,cumberland_county
37053,currituck_county
37055,dare_county
37057,davidson_county
37059,davie_county
37061,duplin_county
37063,durham_county
37065,edgecombe_county
37067,forsyth_county
37069,franklin_county
37071,gaston_county
37073,gates_county
37075,graham_county
37077,granville_county
37079,greene_county
37081,guilford_county
37083,halifax_county
37085,harnett_county
37087,haywood_county
37089,henderson_county
37091,hertford_county
37093,hoke_county
37095,hyde_county
37097,iredell_county
37099,jackson_county
37101,johnston_county
37103,jones_county
37105,lee_county
37107,lenoir_county
37109,lincoln_county
37111,mcdowell_county
37113,macon_county
37115,madison_county
37117,martin_county
37119,mecklenburg_county
37121,mitchell_county
37123,montgomery_county
37125,moore_county
37127,nash_county
37129,new_hanover_county
37131,northampton_county
37133,onslow_county
37135,orange_county
37137,pamlico_county
37139,pasquotank_county
37141,pender_county
37143,perquimans_county
37145,person_county
37147,pitt_county
37149,polk_county
37151,randolph_county
37153,richmond_county
37155,robeson_county
37157,rockingham_county
37159,rowan_county
37161,rutherford_county
37163,sampson_county
37165,scotland_county
37167,stanly_county
37169,stokes_county
37171,surry_county
37173,swain_county
37175,transylvania_county
37177,tyrrell_county
37179,union_county
37181,vance_county
37183,wake_county
37185,warren_county
37187,washington_county
37189,watauga_county
37191,wayne_county
37193,wilkes_county
37195,wilson_county
37197,yadkin_county
37199,yancey_county
38000,north_dakota
38001,adams_county
38003,barnes_county
38005,benson_county
38007,billings_county
38009,bottineau_county
38011,bowman_county
38013,burke_county
38015,burleigh_county
38017,cass_county
38019,cavalier_county
38021,dickey_county
38023,divide_county
38025,dunn_county
38027,eddy_county
38029,emmons_county
38031,foster_county
38033,golden_valley_county
38035,grand_forks_county
38037,grant_county
38039,griggs_county
38041,hettinger_county
38043,kidder_county
38045,lamoure_county
38047,logan_county
38049,mchenry_county
38051,mcintosh_county
38053,mckenzie_county
38055,mclean_county
38057,mercer_county
38059,morton_county
38061,mountrail_county
38063,nelson_county
38065,oliver_county
38067,pembina_county
38069,pierce_county
38071,ramsey_county
38073,ransom_county
38075,renville_county
38077,richland_county
38079,rolette_county
38081,sargent_county
38083,sheridan_county
38085,sioux_county
38087,slope_county
38089,stark_county
38091,steele_county
38093,stutsman_county
38095,towner_county
38097,traill_county
38099,walsh_county
38101,ward_county
38103,wells_county
38105,williams_county
39000,ohio
39001,adams_county
39003,allen_county
39005,ashland_county
39007,ashtabula_county
39009,athens_county
39011,auglaize_county
39013,belmont_county
39015,brown_county
39017,butler_county
39019,carroll_county
39021,champaign_county
39023,clark_county
39025,clermont_county
39027,clinton_county
39029,columbiana_county
39031,coshocton_county
39033,crawford_county
39035,cuyahoga_county
39037,darke_county
39039,defiance_county
39041,delaware_county
39043,erie_county
39045,fairfield_county
39047,fayette_county
39049,franklin_county
39051,fulton_county
39053,gallia_county
39055,geauga_county
39057,greene_county
39059,guernsey_county
39061,hamilton_county
39063,hancock_county
39065,hardin_county
39067,harrison_county
39069,henry_county
39071,highland_county
39073,hocking_county
39075,holmes_county
39077,huron_county
39079,jackson_county
39081,jefferson_county
39083,knox_county
39085,lake_county
39087,lawrence_county
39089,licking_county
39091,logan_county
39093,lorain_county
39095,lucas_county
39097,madison_county
39099,mahoning_county
39101,marion_county
39103,medina_county
39105,meigs_county
39107,mercer_county
39109,miami_county
39111,monroe_county
39113,montgomery_county
39115,morgan_county
39117,morrow_county
39119,muskingum_county
39121,noble_county
39123,ottawa_county
39125,paulding_county
39127,perry_county
39129,pickaway_county
39131,pike_county
39133,portage_county
39135,preble_county
39137,putnam_county
39139,richland_county
39141,ross_county
39143,sandusky_county
39145,scioto_county
39147,seneca_county
39149,shelby_county
39151,stark_county
39153,summit_county
39155,trumbull_county
39157,tuscarawas_county
39159,union_county
39161,van_wert_county
39163,vinton_county
39165,warren_county
39167,washington_county
39169,wayne_county
39171,williams_county
39173,wood_county
39175,wyandot_county
40000,oklahoma
40001,adair_county
40003,alfalfa_county
40005,atoka_county
40007,beaver_county
40009,beckham_county
40011,blaine_county
40013,bryan_county
40015,caddo_county
40017,canadian_county
40019,carter_county
40021,cherokee_county
40023,choctaw_county
40025,cimarron_county
40027,cleveland_county
40029,coal_county
40031,comanche_county
40033,cotton_county
40035,craig_county
40037,creek_county
40039,custer_county
40041,delaware_county
40043,dewey_county
40045,ellis_county
40047,garfield_county
40049,garvin_county
40051,grady_county
40053,grant_county
40055,greer_county
40057,harmon_county
40059,harper_county
40061,haskell_county
40063,hughes_county
40065,jackson_county
40067,jefferson_county
40069,johnston_county
40071,kay_county
40073,kingfisher_county
40075,kiowa_county
40077,latimer_county
40079,le_flore_county
40081,lincoln_county
40083,logan_county
40085,love_county
40087,mcclain_county
40089,mccurtain_county
40091,mcintosh_county
40093,major_county
40095,marshall_county
40097,mayes_county
40099,murray_county
40101,muskogee_county
40103,noble_county
40105,nowata_county
40107,okfuskee_county
40109,oklahoma_county
40111,okmulgee_county
40113,osage_county
40115,ottawa_county
40117,pawnee_county
40119,payne_county
40121,pittsburg_county
40123,pontotoc_county
40125,pottawatomie_county
40127,pushmataha_county
40129,roger_mills_county
40131,rogers_county
40133,seminole_county
40135,sequoyah_county
40137,stephens_county
40139,texas_county
40141,tillman_county
40143,tulsa_county
40145,wagoner_county
40147,washington_county
40149,washita_county
40151,woods_county
40153,woodward_county
41000,oregon
41001,baker_county
41003,benton_county
41005,clackamas_county
41007,clatsop_county
41009,columbia_county
41011,coos_county
41013,crook_county
41015,curry_county
41017,deschutes_county
41019,douglas_county
41021,gilliam_county
41023,grant_county
41025,harney_county
41027,hood_river_county
41029,jackson_county
41031,jefferson_county
41033,josephine_county
41035,klamath_county
41037,lake_county
41039,lane_county
41041,lincoln_county
41043,linn_county
41045,malheur_county
41047,marion_county
41049,morrow_county
41051,multnomah_county
41053,polk_county
41055,sherman_county
41057,tillamook_county
41059,umatilla_county
41061,union_county
41063,wallowa_county
41065,wasco_county
41067,washington_county
41069,wheeler_county
41071,yamhill_county
42000,pennsylvania
42001,adams_county
42003,allegheny_county
42005,armstrong_county
42007,beaver_county
42009,bedford_county
42011,berks_county
42013,blair_county
42015,bradford_county
42017,bucks_county
42019,butler_county
42021,cambria_county
42023,cameron_county
42025,carbon_county
42027,centre_county
42029,chester_county
42031,clarion_county
42033,clearfield_county
42035,clinton_county
42037,columbia_county
42039,crawford_county
42041,cumberland_county
42043,dauphin_county
42045,delaware_county
42047,elk_county
42049,erie_county
42051,fayette_county
42053,forest_county
42055,franklin_county
42057,fulton_county
42059,greene_county
42061,huntingdon_county
42063,indiana_county
42065,jefferson_county
42067,juniata_county
42069,lackawanna_county
42071,lancaster_county
42073,lawrence_county
42075,lebanon_county
42077,lehigh_county
42079,luzerne_county
42081,lycoming_county
42083,mc_kean_county
42085,mercer_county
42087,mifflin_county
42089,monroe_county
42091,montgomery_county
42093,montour_county
42095,northampton_county
42097,northumberland_county
42099,perry_county
42101,philadelphia_county
42103,pike_county
42105,potter_county
42107,schuylkill_county
42109,snyder_county
42111,somerset_county
42113,sullivan_county
42115,susquehanna_county
42117,tioga_county
42119,union_county
42121,venango_county
42123,warren_county
42125,washington_county
42127,wayne_county
42129,westmoreland_county
42131,wyoming_county
42133,york_county
44000,rhode_island
44001,bristol_county
44003,kent_county
44005,newport_county
44007,providence_county
44009,washington_county
45000,south_carolina
45001,abbeville_county
45003,aiken_county
45005,allendale_county
45007,anderson_county
45009,bamberg_county
45011,barnwell_county
45013,beaufort_county
45015,berkeley_county
45017,calhoun_county
45019,charleston_county
45021,cherokee_county
45023,chester_county
45025,chesterfield_county
45027,clarendon_county
45029,colleton_county
45031,darlington_county
45033,dillon_county
45035,dorchester_county
45037,edgefield_county
45039,fairfield_county
45041,florence_county
45043,georgetown_county
45045,greenville_county
45047,greenwood_county
45049,hampton_county
45051,horry_county
45053,jasper_county
45055,kershaw_county
45057,lancaster_county
45059,laurens_county
45061,lee_county
45063,lexington_county
45065,mccormick_county
45067,marion_county
45069,marlboro_county
45071,newberry_county
45073,oconee_county
45075,orangeburg_county
45077,pickens_county
45079,richland_county
45081,saluda_county
45083,spartanburg_county
45085,sumter_county
45087,union_county
45089,williamsburg_county
45091,york_county
46000,south_dakota
46003,aurora_county
46005,beadle_county
46007,bennett_county
46009,bon_homme_county
46011,brookings_county
46013,brown_county
46015,brule_county
46017,buffalo_county
46019,butte_county
46021,campbell_county
46023,charles_mix_county
46025,clark_county
46027,clay_county
46029,codington_county
46031,corson_county
46033,custer_county
46035,davison_county
46037,day_county
46039,deuel_county
46041,dewey_county
46043,douglas_county
46045,edmunds_county
46047,fall_river_county
46049,faulk_county
46051,grant_county
46053,gregory_county
46055,haakon_county
46057,hamlin_county
46059,hand_county
46061,hanson_county
46063,harding_county
46065,hughes_county
46067,hutchinson_county
46069,hyde_county
46071,jackson_county
46073,jerauld_county
46075,jones_county
46077,kingsbury_county
46079,lake_county
46081,lawrence_county
46083,lincoln_county
46085,lyman_county
46087,mccook_county
46089,mcpherson_county
46091,marshall_county
46093,meade_county
46095,mellette_county
46097,miner_county
46099,minnehaha_county
46101,moody_county
46103,pennington_county
46105,perkins_county
46107,potter_county
46109,roberts_county
46111,sanborn_county
46113,shannon_county
46115,spink_county
46117,stanley_county
46119,sully_county
46121,todd_county
46123,tripp_county
46125,turner_county
46127,union_county
46129,walworth_county
46135,yankton_county
46137,ziebach_county
47000,tennessee
47001,anderson_county
47003,bedford_county
47005,benton_county
47007,bledsoe_county
47009,blount_county
47011,bradley_county
47013,campbell_county
47015,cannon_county
47017,carroll_county
47019,carter_county
47021,cheatham_county
47023,chester_county
47025,claiborne_county
47027,clay_county
47029,cocke_county
47031,coffee_county
47033,crockett_county
47035,cumberland_county
47037,davidson_county
47039,decatur_county
47041,dekalb_county
47043,dickson_county
47045,dyer_county
47047,fayette_county
47049,fentress_county
47051,franklin_county
47053,gibson_county
47055,giles_county
47057,grainger_county
47059,greene_county
47061,grundy_county
47063,hamblen_county
47065,hamilton_county
47067,hancock_county
47069,hardeman_county
47071,hardin_county
47073,hawkins_county
47075,haywood_county
47077,henderson_county
47079,henry_county
47081,hickman_county
47083,houston_county
47085,humphreys_county
47087,jackson_county
47089,jefferson_county
47091,johnson_county
47093,knox_county
47095,lake_county
47097,lauderdale_county
47099,lawrence_county
47101,lewis_county
47103,lincoln_county
47105,loudon_county
47107,mcminn_county
47109,mcnairy_county
47111,macon_county
47113,madison_county
47115,marion_county
47117,marshall_county
47119,maury_county
47121,meigs_county
47123,monroe_county
47125,montgomery_county
47127,moore_county
47129,morgan_county
47131,obion_county
47133,overton_county
47135,perry_county
47137,pickett_county
47139,polk_county
47141,putnam_county
47143,rhea_county
47145,roane_county
47147,robertson_county
47149,rutherford_county
47151,scott_county
47153,sequatchie_county
47155,sevier_county
47157,shelby_county
47159,smith_county
47161,stewart_county
47163,sullivan_county
47165,sumner_county
47167,tipton_county
47169,trousdale_county
47171,unicoi_county
47173,union_county
47175,van_buren_county
47177,warren_county
47179,washington_county
47181,wayne_county
47183,weakley_county
47185,white_county
47187,williamson_county
47189,wilson_county
48000,texas
48001,anderson_county
48003,andrews_county
48005,angelina_county
48007,aransas_county
48009,archer_county
48011,armstrong_county
48013,atascosa_county
48015,austin_county
48017,bailey_county
48019,bandera_county
48021,bastrop_county
48023,baylor_county
48025,bee_county
48027,bell_county
48029,bexar_county
48031,blanco_county
48033,borden_county
48035,bosque_county
48037,bowie_county
48039,brazoria_county
48041,brazos_county
48043,brewster_county
48045,briscoe_county
48047,brooks_county
48049,brown_county
48051,burleson_county
48053,burnet_county
48055,caldwell_county
48057,calhoun_county
48059,callahan_county
48061,cameron_county
48063,camp_county
48065,carson_county
48067,cass_county
48069,castro_county
48071,chambers_county
48073,cherokee_county
48075,childress_county
48077,clay_county
48079,cochran_county
48081,coke_county
48083,coleman_county
48085,collin_county
48087,collingsworth_county
48089,colorado_county
48091,comal_county
48093,comanche_county
48095,concho_county
48097,cooke_county
48099,coryell_county
48101,cottle_county
48103,crane_county
48105,crockett_county
48107,crosby_county
48109,culberson_county
48111,dallam_county
48113,dallas_county
48115,dawson_county
48117,deaf_smith_county
48119,delta_county
48121,denton_county
48123,dewitt_county
48125,dickens_county
48127,dimmit_county
48129,donley_county
48131,duval_county
48133,eastland_county
48135,ector_county
48137,edwards_county
48139,ellis_county
48141,el_paso_county
48143,erath_county
48145,falls_county
48147,fannin_county
48149,fayette_county
48151,fisher_county
48153,floyd_county
48155,foard_county
48157,fort_bend_county
48159,franklin_county
48161,freestone_county
48163,frio_county
48165,gaines_county
48167,galveston_county
48169,garza_county
48171,gillespie_county
48173,glasscock_county
48175,goliad_county
48177,gonzales_county
48179,gray_county
48181,grayson_county
48183,gregg_county
48185,grimes_county
48187,guadalupe_county
48189,hale_county
48191,hall_county
48193,hamilton_county
48195,hansford_county
48197,hardeman_county
48199,hardin_county
48201,harris_county
48203,harrison_county
48205,hartley_county
48207,haskell_county
48209,hays_county
48211,hemphill_county
48213,henderson_county
48215,hidalgo_county
48217,hill_county
48219,hockley_county
48221,hood_county
48223,hopkins_county
48225,houston_county
48227,howard_county
48229,hudspeth_county
48231,hunt_county
48233,hutchinson_county
48235,irion_county
48237,jack_county
48239,jackson_county
48241,jasper_county
48243,jeff_davis_county
48245,jefferson_county
48247,jim_hogg_county
48249,jim_wells_county
48251,johnson_county
48253,jones_county
48255,karnes_county
48257,kaufman_county
48259,kendall_county
48261,kenedy_county
48263,kent_county
48265,kerr_county
48267,kimble_county
48269,king_county
48271,kinney_county
48273,kleberg_county
48275,knox_county
48277,lamar_county
48279,lamb_county
48281,lampasas_county
48283,la_salle_county
48285,lavaca_county
48287,lee_county
48289,leon_county
48291,liberty_county
48293,limestone_county
48295,lipscomb_county
48297,live_oak_county
48299,llano_county
48301,loving_county
48303,lubbock_county
48305,lynn_county
48307,mcculloch_county
48309,mclennan_county
48311,mcmullen_county
48313,madison_county
48315,marion_county
48317,martin_county
48319,mason_county
48321,matagorda_county
48323,maverick_county
48325,medina_county
48327,menard_county
48329,midland_county
48331,milam_county
48333,mills_county
48335,mitchell_county
48337,montague_county
48339,montgomery_county
48341,moore_county
48343,morris_county
48345,motley_county
48347,nacogdoches_county
48349,navarro_county
48351,newton_county
48353,nolan_county
48355,nueces_county
48357,ochiltree_county
48359,oldham_county
48361,orange_county
48363,palo_pinto_county
48365,panola_county
48367,parker_county
48369,parmer_county
48371,pecos_county
48373,polk_county
48375,potter_county
48377,presidio_county
48379,rains_county
48381,randall_county
48383,reagan_county
48385,real_county
48387,red_river_county
48389,reeves_county
48391,refugio_county
48393,roberts_county
48395,robertson_county
48397,rockwall_county
48399,runnels_county
48401,rusk_county
48403,sabine_county
48405,san_augustine_county
48407,san_jacinto_county
48409,san_patricio_county
48411,san_saba_county
48413,schleicher_county
48415,scurry_county
48417,shackelford_county
48419,shelby_county
48421,sherman_county
48423,smith_county
48425,somervell_county
48427,starr_county
48429,stephens_county
48431,sterling_county
48433,stonewall_county
48435,sutton_county
48437,swisher_county
48439,tarrant_county
48441,taylor_county
48443,terrell_county
48445,terry_county
48447,throckmorton_county
48449,titus_county
48451,tom_green_county
48453,travis_county
48455,trinity_county
48457,tyler_county
48459,upshur_county
48461,upton_county
48463,uvalde_county
48465,val_verde_county
48467,van_zandt_county
48469,victoria_county
48471,walker_county
48473,waller_county
48475,ward_county
48477,washington_county
48479,webb_county
48481,wharton_county
48483,wheeler_county
48485,wichita_county
48487,wilbarger_county
48489,willacy_county
48491,williamson_county
48493,wilson_county
48495,winkler_county
48497,wise_county
48499,wood_county
48501,yoakum_county
48503,young_county
48505,zapata_county
48507,zavala_county
49000,utah
49001,beaver_county
49003,box_elder_county
49005,cache_county
49007,carbon_county
49009,daggett_county
49011,davis_county
49013,duchesne_county
49015,emery_county
49017,garfield_county
49019,grand_county
49021,iron_county
49023,juab_county
49025,kane_county
49027,millard_county
49029,morgan_county
49031,piute_county
49033,rich_county
49035,salt_lake_county
49037,san_juan_county
49039,sanpete_county
49041,sevier_county
49043,summit_county
49045,tooele_county
49047,uintah_county
49049,utah_county
49051,wasatch_county
49053,washington_county
49055,wayne_county
49057,weber_county
50000,vermont
50001,addison_county
50003,bennington_county
50005,caledonia_county
50007,chittenden_county
50009,essex_county
50011,franklin_county
50013,grand_isle_county
50015,lamoille_county
50017,orange_county
50019,orleans_county
50021,rutland_county
50023,washington_county
50025,windham_county
50027,windsor_county
51000,virginia
51001,accomack_county
51003,albemarle_county
51005,alleghany_county
51007,amelia_county
51009,amherst_county
51011,appomattox_county
51013,arlington_county
51015,augusta_county
51017,bath_county
51019,bedford_county
51021,bland_county
51023,botetourt_county
51025,brunswick_county
51027,buchanan_county
51029,buckingham_county
51031,campbell_county
51033,caroline_county
51035,carroll_county
51036,charles_city_county
51037,charlotte_county
51041,chesterfield_county
51043,clarke_county
51045,craig_county
51047,culpeper_county
51049,cumberland_county
51051,dickenson_county
51053,dinwiddie_county
51057,essex_county
51059,fairfax_county
51061,fauquier_county
51063,floyd_county
51065,fluvanna_county
51067,franklin_county
51069,frederick_county
51071,giles_county
51073,gloucester_county
51075,goochland_county
51077,grayson_county
51079,greene_county
51081,greensville_county
51083,halifax_county
51085,hanover_county
51087,henrico_county
51089,henry_county
51091,highland_county
51093,isle_of_wight_county
51095,james_city_county
51097,king_and_queen_county
51099,king_george_county
51101,king_william_county
51103,lancaster_county
51105,lee_county
51107,loudoun_county
51109,louisa_county
51111,lunenburg_county
51113,madison_county
51115,mathews_county
51117,mecklenburg_county
51119,middlesex_county
51121,montgomery_county
51125,nelson_county
51127,new_kent_county
51131,northampton_county
51133,northumberland_county
51135,nottoway_county
51137,orange_county
51139,page_county
51141,patrick_county
51143,pittsylvania_county
51145,powhatan_county
51147,prince_edward_county
51149,prince_george_county
51153,prince_william_county
51155,pulaski_county
51157,rappahannock_county
51159,richmond_county
51161,roanoke_county
51163,rockbridge_county
51165,rockingham_county
51167,russell_county
51169,scott_county
51171,shenandoah_county
51173,smyth_county
51175,southampton_county
51177,spotsylvania_county
51179,stafford_county
51181,surry_county
51183,sussex_county
51185,tazewell_county
51187,warren_county
51191,washington_county
51193,westmoreland_county
51195,wise_county
51197,wythe_county
51199,york_county
51510,alexandria_city
51515,bedford_city
51520,bristol_city
51530,buena_vista_city
51540,charlottesville_city
51550,chesapeake_city
51560,clifton_forge_city
51570,colonial_heights_city
51580,covington_city
51590,danville_city
51595,emporia_city
51600,fairfax_city
51610,falls_church_city
51620,franklin_city
51630,fredericksburg_city
51640,galax_city
51650,hampton_city
51660,harrisonburg_city
51670,hopewell_city
51678,lexington_city
51680,lynchburg_city
51683,manassas_city
51685,manassas_park_city
51690,martinsville_city
51700,newport_news_city
51710,norfolk_city
51720,norton_city
51730,petersburg_city
51735,poquoson_city
51740,portsmouth_city
51750,radford_city
51760,richmond_city
51770,roanoke_city
51775,salem_city
51780,halifax_county
51790,staunton_city
51800,suffolk_city
51810,virginia_beach_city
51820,waynesboro_city
51830,williamsburg_city
51840,winchester_city
53000,washington
53001,adams_county
53003,asotin_county
53005,benton_county
53007,chelan_county
53009,clallam_county
53011,clark_county
53013,columbia_county
53015,cowlitz_county
53017,douglas_county
53019,ferry_county
53021,franklin_county
53023,garfield_county
53025,grant_county
53027,grays_harbor_county
53029,island_county
53031,jefferson_county
53033,king_county
53035,kitsap_county
53037,kittitas_county
53039,klickitat_county
53041,lewis_county
53043,lincoln_county
53045,mason_county
53047,okanogan_county
53049,pacific_county
53051,pend_oreille_county
53053,pierce_county
53055,san_juan_county
53057,skagit_county
53059,skamania_county
53061,snohomish_county
53063,spokane_county
53065,stevens_county
53067,thurston_county
53069,wahkiakum_county
53071,walla_walla_county
53073,whatcom_county
53075,whitman_county
53077,yakima_county
54000,west_virginia
54001,barbour_county
54003,berkeley_county
54005,boone_county
54007,braxton_county
54009,brooke_county
54011,cabell_county
54013,calhoun_county
54015,clay_county
54017,doddridge_county
54019,fayette_county
54021,gilmer_county
54023,grant_county
54025,greenbrier_county
54027,hampshire_county
54029,hancock_county
54031,hardy_county
54033,harrison_county
54035,jackson_county
54037,jefferson_county
54039,kanawha_county
54041,lewis_county
54043,lincoln_county
54045,logan_county
54047,mcdowell_county
54049,marion_county
54051,marshall_county
54053,mason_county
54055,mercer_county
54057,mineral_county
54059,mingo_county
54061,monongalia_county
54063,monroe_county
54065,morgan_county
54067,nicholas_county
54069,ohio_county
54071,pendleton_county
54073,pleasants_county
54075,pocahontas_county
54077,preston_county
54079,putnam_county
54081,raleigh_county
54083,randolph_county
54085,ritchie_county
54087,roane_county
54089,summers_county
54091,taylor_county
54093,tucker_county
54095,tyler_county
54097,upshur_county
54099,wayne_county
54101,webster_county
54103,wetzel_county
54105,wirt_county
54107,wood_county
54109,wyoming_county
55000,wisconsin
55001,adams_county
55003,ashland_county
55005,barron_county
55007,bayfield_county
55009,brown_county
55011,buffalo_county
55013,burnett_county
55015,calumet_county
55017,chippewa_county
55019,clark_county
55021,columbia_county
55023,crawford_county
55025,dane_county
55027,dodge_county
55029,door_county
55031,douglas_county
55033,dunn_county
55035,eau_claire_county
55037,florence_county
55039,fond_du_lac_county
55041,forest_county
55043,grant_county
55045,green_county
55047,green_lake_county
55049,iowa_county
55051,iron_county
55053,jackson_county
55055,jefferson_county
55057,juneau_county
55059,kenosha_county
55061,kewaunee_county
55063,la_crosse_county
55065,lafayette_county
55067,langlade_county
55069,lincoln_county
55071,manitowoc_county
55073,marathon_county
55075,marinette_county
55077,marquette_county
55078,menominee_county
55079,milwaukee_county
55081,monroe_county
55083,oconto_county
55085,oneida_county
55087,outagamie_county
55089,ozaukee_county
55091,pepin_county
55093,pierce_county
55095,polk_county
55097,portage_county
55099,price_county
55101,racine_county
55103,richland_county
55105,rock_county
55107,rusk_county
55109,st._croix_county
55111,sauk_county
55113,sawyer_county
55115,shawano_county
55117,sheboygan_county
55119,taylor_county
55121,trempealeau_county
55123,vernon_county
55125,vilas_county
55127,walworth_county
55129,washburn_county
55131,washington_county
55133,waukesha_county
55135,waupaca_county
55137,waushara_county
55139,winnebago_county
55141,wood_county
56000,wyoming
56001,albany_county
56003,big_horn_county
56005,campbell_county
56007,carbon_county
56009,converse_county
56011,crook_county
56013,fremont_county
56015,goshen_county
56017,hot_springs_county
56019,johnson_county
56021,laramie_county
56023,lincoln_county
56025,natrona_county
56027,niobrara_county
56029,park_county
56031,platte_county
56033,sheridan_county
56035,sublette_county
56037,sweetwater_county
56039,teton_county
56041,uinta_county
56043,washakie_county
56045,weston_county
